{
    "accel_to_decel_enable": "0",
    "bottom_surface_pattern": "zig-zag",
    "brim_object_gap": "0.2",
    "default_acceleration": "0",
    "enable_support": "1",
    "from": "User",
    "gap_infill_speed": "250",
    "infill_jerk": "10",
    "inherits": "0.20mm Standard @MyKlipper",
    "initial_layer_acceleration": "800",
    "initial_layer_infill_speed": "100",
    "initial_layer_jerk": "10",
    "initial_layer_line_width": "80%",
    "initial_layer_speed": "100",
    "initial_layer_travel_speed": "100",
    "inner_wall_acceleration": "2500",
    "inner_wall_jerk": "10",
    "inner_wall_line_width": "75%",
    "inner_wall_speed": "250",
    "internal_solid_infill_line_width": "75%",
    "internal_solid_infill_pattern": "zig-zag",
    "internal_solid_infill_speed": "300",
    "is_custom_defined": "0",
    "layer_height": "0.16",
    "line_width": "75%",
    "name": "0.20mm Standard @ Quality - Small prints",
    "outer_wall_acceleration": "2500",
    "outer_wall_jerk": "10",
    "outer_wall_line_width": "75%",
    "outer_wall_speed": "250",
    "overhang_1_4_speed": "20%",
    "overhang_2_4_speed": "35%",
    "overhang_3_4_speed": "50%",
    "overhang_4_4_speed": "75%",
    "print_settings_id": "0.20mm Standard @ Quality - Small prints",
    "raft_layers": "2",
    "reduce_crossing_wall": "1",
    "seam_position": "back",
    "slice_closing_radius": "0.026",
    "slow_down_layers": "1",
    "small_perimeter_speed": "80%",
    "small_perimeter_threshold": "3",
    "sparse_infill_density": "30%",
    "sparse_infill_line_width": "75%",
    "sparse_infill_pattern": "grid",
    "sparse_infill_speed": "300",
    "support_interface_top_layers": "0",
    "support_line_width": "75%",
    "support_style": "tree_slim",
    "support_top_z_distance": "0",
    "support_type": "tree(auto)",
    "top_bottom_infill_wall_overlap": "30%",
    "top_shell_layers": "3",
    "top_shell_thickness": "0",
    "top_surface_acceleration": "2500",
    "top_surface_jerk": "10",
    "top_surface_line_width": "70%",
    "top_surface_pattern": "zig-zag",
    "top_surface_speed": "250",
    "travel_acceleration": "2500",
    "travel_jerk": "10",
    "travel_speed": "300",
    "tree_support_branch_diameter_organic": "3",
    "tree_support_top_rate": "20%",
    "tree_support_wall_count": "2",
    "version": "2.1.1.0"
}
