{
    "deretraction_speed": [
        "80"
    ],
    "emit_machine_limits_to_gcode": "0",
    "from": "User",
    "inherits": "MyKlipper 0.4 nozzle",
    "is_custom_defined": "0",
    "machine_max_acceleration_e": [
        "10000",
        "5000"
    ],
    "machine_max_acceleration_extruding": [
        "10000",
        "20000"
    ],
    "machine_max_acceleration_retracting": [
        "10000",
        "5000"
    ],
    "machine_max_acceleration_x": [
        "10000",
        "20000"
    ],
    "machine_max_acceleration_y": [
        "10000",
        "20000"
    ],
    "machine_max_acceleration_z": [
        "800",
        "200"
    ],
    "machine_max_jerk_e": [
        "12",
        "2.5"
    ],
    "machine_max_jerk_x": [
        "12",
        "9"
    ],
    "machine_max_jerk_y": [
        "12",
        "9"
    ],
    "machine_max_jerk_z": [
        "2",
        "0.4"
    ],
    "machine_max_speed_e": [
        "80",
        "25"
    ],
    "machine_max_speed_x": [
        "300",
        "200"
    ],
    "machine_max_speed_y": [
        "300",
        "200"
    ],
    "machine_max_speed_z": [
        "8",
        "12"
    ],
    "machine_start_gcode": "START_PRINT EXTRUDER_TEMP=[nozzle_temperature_initial_layer] BED_TEMP=[bed_temperature_initial_layer_single]",
    "name": "Kobra 2 Neo Klipper - 0.4",
    "nozzle_type": "brass",
    "print_host": "192.168.0.180",
    "printable_area": [
        "0x0",
        "220x0",
        "220x220",
        "0x220"
    ],
    "printer_settings_id": "Kobra 2 Neo Klipper - 0.4",
    "retract_length_toolchange": [
        "4"
    ],
    "retraction_speed": [
        "80"
    ],
    "single_extruder_multi_material": "0",
    "version": "2.1.1.0",
    "z_hop": [
        "0"
    ]
}
