{
    "default_filament_colour": [
        "#15FA03"
    ],
    "enable_pressure_advance": [
        "1"
    ],
    "filament_flow_ratio": [
        "1.04"
    ],
    "filament_settings_id": [
        "Kobra 2 Neo PLA"
    ],
    "from": "User",
    "inherits": "My Generic PLA",
    "is_custom_defined": "0",
    "name": "Kobra 2 Neo PLA",
    "nozzle_temperature": [
        "190"
    ],
    "nozzle_temperature_initial_layer": [
        "200"
    ],
    "nozzle_temperature_range_high": [
        "210"
    ],
    "nozzle_temperature_range_low": [
        "180"
    ],
    "pressure_advance": [
        "0.04"
    ],
    "slow_down_layer_time": [
        "7"
    ],
    "slow_down_min_speed": [
        "15"
    ],
    "version": "2.1.1.0"
}
